[
  {
    "id": "e84f51ab-f629-4f79-a081-be0bb8312217",
    "data": [
      {
        "text": "Please provide net assets",
        "userDefined": false
      }
    ],
    "isTemplate": false,
    "count": 0,
    "updated": 1542553754
  },
  {
    "id": "59f2ea01-738b-451b-815f-6f60ed821606",
    "data": [
      {
        "text": "tell me Total net asset of my account",
        "userDefined": false
      }
    ],
    "isTemplate": false,
    "count": 0,
    "updated": 1542553754
  },
  {
    "id": "11114ca0-d668-457a-8a12-3b29d9d4edd2",
    "data": [
      {
        "text": "Tell me overview of account",
        "userDefined": false
      }
    ],
    "isTemplate": false,
    "count": 0,
    "updated": 1542552988
  },
  {
    "id": "e9e0c850-b19d-4cae-b92a-bc2eeb6a7213",
    "data": [
      {
        "text": "Tell me money I am left with",
        "userDefined": false
      }
    ],
    "isTemplate": false,
    "count": 0,
    "updated": 1542552988
  },
  {
    "id": "77446f4a-cd57-420b-bfff-3699c9696912",
    "data": [
      {
        "text": "What is amount of money left in my account?",
        "userDefined": false
      }
    ],
    "isTemplate": false,
    "count": 0,
    "updated": 1542552988
  },
  {
    "id": "cdf72b14-a118-4942-88ec-72a4bf2b8a9f",
    "data": [
      {
        "text": "Please tell me balance",
        "userDefined": false
      }
    ],
    "isTemplate": false,
    "count": 0,
    "updated": 1542552988
  },
  {
    "id": "22dc7911-b388-43e3-bf24-ba959f863bc8",
    "data": [
      {
        "text": "Can you tell me balance in account?",
        "userDefined": false
      }
    ],
    "isTemplate": false,
    "count": 0,
    "updated": 1542552988
  },
  {
    "id": "715518aa-7b40-469b-ad9d-46afe45922a3",
    "data": [
      {
        "text": "What is my account balance?",
        "userDefined": false
      }
    ],
    "isTemplate": false,
    "count": 0,
    "updated": 1542552988
  }
]