[
  {
    "id": "dc5b2b29-7d6f-402a-b78a-4fcd5736c914",
    "data": [
      {
        "text": "Please ",
        "userDefined": false
      },
      {
        "text": "sell",
        "alias": "EquityTradeRequestType",
        "meta": "@EquityTradeRequestType",
        "userDefined": false
      },
      {
        "text": " some stock of it.",
        "userDefined": false
      }
    ],
    "isTemplate": false,
    "count": 0,
    "updated": 1542668531
  },
  {
    "id": "59948da5-96a5-484e-8329-b8c914a0fe86",
    "data": [
      {
        "text": "Sell",
        "alias": "EquityTradeRequestType",
        "meta": "@EquityTradeRequestType",
        "userDefined": false
      },
      {
        "text": " some stock",
        "userDefined": false
      }
    ],
    "isTemplate": false,
    "count": 0,
    "updated": 1542668531
  },
  {
    "id": "c7f4ddef-53aa-4cc0-b728-5e7e86a8cff9",
    "data": [
      {
        "text": "Get me stock of ",
        "userDefined": false
      },
      {
        "text": "Microsoft",
        "alias": "tickerName",
        "meta": "@tickerName",
        "userDefined": false
      }
    ],
    "isTemplate": false,
    "count": 0,
    "updated": 1542668531
  },
  {
    "id": "2fab669d-ae4e-4178-afea-5839cd193fef",
    "data": [
      {
        "text": "Shall I get ",
        "userDefined": false
      },
      {
        "text": "25",
        "alias": "number",
        "meta": "@sys.number",
        "userDefined": false
      },
      {
        "text": " stocks of ",
        "userDefined": false
      },
      {
        "text": "GE",
        "alias": "tickerName",
        "meta": "@tickerName",
        "userDefined": false
      }
    ],
    "isTemplate": false,
    "count": 0,
    "updated": 1542668531
  },
  {
    "id": "2a301256-cdd3-499d-b479-32c932b0310e",
    "data": [
      {
        "text": "Can you ",
        "userDefined": false
      },
      {
        "text": "sell",
        "alias": "EquityTradeRequestType",
        "meta": "@EquityTradeRequestType",
        "userDefined": false
      },
      {
        "text": " ",
        "userDefined": false
      },
      {
        "text": "20",
        "alias": "number",
        "meta": "@sys.number",
        "userDefined": false
      },
      {
        "text": " ",
        "userDefined": false
      },
      {
        "text": "Google",
        "alias": "tickerName",
        "meta": "@tickerName",
        "userDefined": false
      },
      {
        "text": " shares?",
        "userDefined": false
      }
    ],
    "isTemplate": false,
    "count": 0,
    "updated": 1542668531
  },
  {
    "id": "c731db98-77f5-4a34-8104-54cab6ce1c7d",
    "data": [
      {
        "text": "Can you purchase ",
        "userDefined": false
      },
      {
        "text": "100",
        "alias": "number",
        "meta": "@sys.number",
        "userDefined": false
      },
      {
        "text": " ",
        "userDefined": false
      },
      {
        "text": "Amazon",
        "alias": "tickerName",
        "meta": "@tickerName",
        "userDefined": false
      },
      {
        "text": " stocks?",
        "userDefined": false
      }
    ],
    "isTemplate": false,
    "count": 0,
    "updated": 1542668531
  },
  {
    "id": "61732675-f8d4-4a14-8a33-08daf7eae5fe",
    "data": [
      {
        "text": "Can you get ",
        "userDefined": false
      },
      {
        "text": "Apple",
        "alias": "tickerName",
        "meta": "@tickerName",
        "userDefined": false
      },
      {
        "text": " stock?",
        "userDefined": false
      }
    ],
    "isTemplate": false,
    "count": 0,
    "updated": 1542668531
  },
  {
    "id": "2ed117a4-0ac9-4aaf-b6a7-de17102cfd65",
    "data": [
      {
        "text": "Can you ",
        "userDefined": false
      },
      {
        "text": "buy",
        "alias": "EquityTradeRequestType",
        "meta": "@EquityTradeRequestType",
        "userDefined": false
      },
      {
        "text": " it?",
        "userDefined": false
      }
    ],
    "isTemplate": false,
    "count": 0,
    "updated": 1542668531
  }
]