[
  {
    "id": "afac9ddf-7a33-410b-a787-f5609e61b14d",
    "data": [
      {
        "text": "don\u0027t",
        "userDefined": false
      }
    ],
    "isTemplate": false,
    "count": 0,
    "updated": 1531859391
  },
  {
    "id": "3b2f39c5-e99d-4064-9d5b-70581712549b",
    "data": [
      {
        "text": "nope not really",
        "userDefined": false
      }
    ],
    "isTemplate": false,
    "count": 0,
    "updated": 1531859391
  },
  {
    "id": "c8e48bf8-8302-42d8-ae06-6edf62a268d6",
    "data": [
      {
        "text": "no that\u0027s be all",
        "userDefined": false
      }
    ],
    "isTemplate": false,
    "count": 0,
    "updated": 1531859391
  },
  {
    "id": "7537f866-1949-41c6-a34b-16623577d603",
    "data": [
      {
        "text": "not right now",
        "userDefined": false
      }
    ],
    "isTemplate": false,
    "count": 0,
    "updated": 1531859391
  },
  {
    "id": "43350075-5521-4d4c-bbee-65023aecfae4",
    "data": [
      {
        "text": "thanks but no",
        "userDefined": false
      }
    ],
    "isTemplate": false,
    "count": 0,
    "updated": 1531859391
  },
  {
    "id": "d911dfe0-3976-4ca7-8268-d001eb4c9599",
    "data": [
      {
        "text": "not",
        "userDefined": false
      }
    ],
    "isTemplate": false,
    "count": 0,
    "updated": 1531859391
  },
  {
    "id": "41ceffaa-4f8b-48c2-87e6-8f8402c71e2a",
    "data": [
      {
        "text": "no we are good",
        "userDefined": false
      }
    ],
    "isTemplate": false,
    "count": 0,
    "updated": 1531859391
  },
  {
    "id": "49fc2a05-66fa-4871-a9c0-b3ae9fc56b74",
    "data": [
      {
        "text": "nothing else",
        "userDefined": false
      }
    ],
    "isTemplate": false,
    "count": 1,
    "updated": 1531859391
  },
  {
    "id": "db56db4d-1c52-4c3a-98b6-66d11da73cf3",
    "data": [
      {
        "text": "not interested",
        "userDefined": false
      }
    ],
    "isTemplate": false,
    "count": 0,
    "updated": 1531859391
  },
  {
    "id": "27430288-7f52-41ab-b39f-f291b3167035",
    "data": [
      {
        "text": "nah I\u0027m good",
        "userDefined": false
      }
    ],
    "isTemplate": false,
    "count": 1,
    "updated": 1531859391
  },
  {
    "id": "8489b563-51b2-4e96-bd6f-3e7af51ccca5",
    "data": [
      {
        "text": "definitely not",
        "userDefined": false
      }
    ],
    "isTemplate": false,
    "count": 3,
    "updated": 1531859391
  },
  {
    "id": "76ec58e2-b7a3-4d28-a4ef-77766d977ffb",
    "data": [
      {
        "text": "no never",
        "userDefined": false
      }
    ],
    "isTemplate": false,
    "count": 0,
    "updated": 1531859391
  },
  {
    "id": "54c157fe-5709-47f6-86cd-ca9ed8b7e5c8",
    "data": [
      {
        "text": "never",
        "userDefined": false
      }
    ],
    "isTemplate": false,
    "count": 0,
    "updated": 1531859391
  },
  {
    "id": "adfa4251-2e7a-4622-8eb6-6d334532f2f8",
    "data": [
      {
        "text": "nah",
        "userDefined": false
      }
    ],
    "isTemplate": false,
    "count": 2,
    "updated": 1531859391
  },
  {
    "id": "92b8f009-0a05-4979-b46e-bd9628001e41",
    "data": [
      {
        "text": "nothing",
        "userDefined": false
      }
    ],
    "isTemplate": false,
    "count": 0,
    "updated": 1531859391
  },
  {
    "id": "11ee8ffc-71ed-4c27-9ce9-0e4611afef29",
    "data": [
      {
        "text": "no maybe next time",
        "userDefined": false
      }
    ],
    "isTemplate": false,
    "count": 0,
    "updated": 1531859391
  },
  {
    "id": "67567ecb-de01-4610-a692-30bb811683f8",
    "data": [
      {
        "text": "I don\u0027t want that",
        "userDefined": false
      }
    ],
    "isTemplate": false,
    "count": 0,
    "updated": 1531859391
  },
  {
    "id": "d92f6f40-ced6-4520-a942-f95a4308aedb",
    "data": [
      {
        "text": "no not really",
        "userDefined": false
      }
    ],
    "isTemplate": false,
    "count": 0,
    "updated": 1531859391
  },
  {
    "id": "6d0d27bd-c476-4896-b6b9-9100ce365dab",
    "data": [
      {
        "text": "no that\u0027s ok",
        "userDefined": false
      }
    ],
    "isTemplate": false,
    "count": 1,
    "updated": 1531859391
  },
  {
    "id": "f0f21628-60e9-46f8-9090-dd66baaf9dcf",
    "data": [
      {
        "text": "no no don\u0027t",
        "userDefined": false
      }
    ],
    "isTemplate": false,
    "count": 0,
    "updated": 1531859391
  },
  {
    "id": "d9ea00b9-6e0f-45e7-9022-0f1e98746dbe",
    "data": [
      {
        "text": "na",
        "userDefined": false
      }
    ],
    "isTemplate": false,
    "count": 0,
    "updated": 1531859391
  },
  {
    "id": "95e8568b-c32a-4f52-8b12-d8ffc9f232d7",
    "data": [
      {
        "text": "no way no",
        "userDefined": false
      }
    ],
    "isTemplate": false,
    "count": 0,
    "updated": 1531859391
  },
  {
    "id": "ad45222e-4134-423f-9c0a-6eef520c6cb5",
    "data": [
      {
        "text": "I can\u0027t",
        "userDefined": false
      }
    ],
    "isTemplate": false,
    "count": 0,
    "updated": 1531859391
  },
  {
    "id": "493b75b0-a027-440b-b36d-d7f0498463ce",
    "data": [
      {
        "text": "no thanks",
        "userDefined": false
      }
    ],
    "isTemplate": false,
    "count": 0,
    "updated": 1531859391
  },
  {
    "id": "14152a58-55a4-4167-8182-d99737bfed59",
    "data": [
      {
        "text": "not at all",
        "userDefined": false
      }
    ],
    "isTemplate": false,
    "count": 0,
    "updated": 1531859391
  },
  {
    "id": "0f8c359c-0d2a-4aff-9745-954411b69806",
    "data": [
      {
        "text": "not really",
        "userDefined": false
      }
    ],
    "isTemplate": false,
    "count": 0,
    "updated": 1531859391
  },
  {
    "id": "b5ef6247-7f6a-4c27-af66-886abf410e61",
    "data": [
      {
        "text": "I don\u0027t",
        "userDefined": false
      }
    ],
    "isTemplate": false,
    "count": 0,
    "updated": 1531859391
  },
  {
    "id": "a45602f7-a9ed-406e-8f59-0b6821681598",
    "data": [
      {
        "text": "no I cannot",
        "userDefined": false
      }
    ],
    "isTemplate": false,
    "count": 1,
    "updated": 1531859391
  },
  {
    "id": "b50bcb38-97d2-4610-ac82-bc5ed072646b",
    "data": [
      {
        "text": "no that\u0027s okay",
        "userDefined": false
      }
    ],
    "isTemplate": false,
    "count": 0,
    "updated": 1531859391
  },
  {
    "id": "de6dc669-e7aa-473a-91b5-abbc21202e1e",
    "data": [
      {
        "text": "nope",
        "userDefined": false
      }
    ],
    "isTemplate": false,
    "count": 1,
    "updated": 1531859391
  },
  {
    "id": "83d7da59-ee0a-4da0-88ec-ea81fcaf749d",
    "data": [
      {
        "text": "I don\u0027t think so",
        "userDefined": false
      }
    ],
    "isTemplate": false,
    "count": 1,
    "updated": 1531859391
  },
  {
    "id": "25d8b7ea-1468-4743-9d6a-25ea8e0fc89d",
    "data": [
      {
        "text": "no it isn\u0027t",
        "userDefined": false
      }
    ],
    "isTemplate": false,
    "count": 1,
    "updated": 1531859391
  },
  {
    "id": "81471a38-d1ad-4e90-a74f-7bec889b3414",
    "data": [
      {
        "text": "thanks but not this time",
        "userDefined": false
      }
    ],
    "isTemplate": false,
    "count": 1,
    "updated": 1531859391
  },
  {
    "id": "308122cd-d2cf-4be7-8b2b-195718c07ba9",
    "data": [
      {
        "text": "no that\u0027s fine thank you",
        "userDefined": false
      }
    ],
    "isTemplate": false,
    "count": 0,
    "updated": 1531859391
  },
  {
    "id": "ddb837e3-f89a-4709-b816-e564e42a0dbe",
    "data": [
      {
        "text": "no don\u0027t",
        "userDefined": false
      }
    ],
    "isTemplate": false,
    "count": 0,
    "updated": 1531859391
  },
  {
    "id": "3d426fd2-3589-485c-a870-2db492282d36",
    "data": [
      {
        "text": "don\u0027t do it",
        "userDefined": false
      }
    ],
    "isTemplate": false,
    "count": 3,
    "updated": 1531859391
  },
  {
    "id": "251f101a-fed6-48c0-9aed-eac28dfaa018",
    "data": [
      {
        "text": "I don\u0027t want",
        "userDefined": false
      }
    ],
    "isTemplate": false,
    "count": 0,
    "updated": 1531859391
  },
  {
    "id": "891b0aae-0cef-49d3-a979-0c315f1470ff",
    "data": [
      {
        "text": "not ",
        "userDefined": false
      },
      {
        "text": "today",
        "meta": "@sys.ignore",
        "userDefined": false
      }
    ],
    "isTemplate": false,
    "count": 0,
    "updated": 1531859391
  },
  {
    "id": "aa85870c-7fa5-4e3a-adc2-7f0a6f250e1a",
    "data": [
      {
        "text": "I\u0027m not",
        "userDefined": false
      }
    ],
    "isTemplate": false,
    "count": 3,
    "updated": 1531859391
  },
  {
    "id": "0411b1ba-6cf8-4db0-b5ed-55f19630fae0",
    "data": [
      {
        "text": "no way",
        "userDefined": false
      }
    ],
    "isTemplate": false,
    "count": 0,
    "updated": 1531859391
  },
  {
    "id": "58f279e5-b6a0-4525-881f-423fdd5a20f6",
    "data": [
      {
        "text": "no",
        "userDefined": false
      }
    ],
    "isTemplate": false,
    "count": 2,
    "updated": 1531859391
  },
  {
    "id": "8a53ff49-fef3-4327-a43a-426a511ae2da",
    "data": [
      {
        "text": "I disagree",
        "userDefined": false
      }
    ],
    "isTemplate": false,
    "count": 2,
    "updated": 1531859391
  },
  {
    "id": "ed7b4ab5-31d0-40d9-a5e6-6d0b5a3ac1f6",
    "data": [
      {
        "text": "not this time",
        "userDefined": false
      }
    ],
    "isTemplate": false,
    "count": 0,
    "updated": 1531859391
  },
  {
    "id": "fbe9e7ac-4a79-4ae0-93c3-5048cf0f8d7d",
    "data": [
      {
        "text": "nothing else thanks",
        "userDefined": false
      }
    ],
    "isTemplate": false,
    "count": 0,
    "updated": 1531859391
  }
]