[
  {
    "id": "a7054772-93a0-4720-888d-b82c1d7fc743",
    "data": [
      {
        "text": "sure",
        "userDefined": false
      }
    ],
    "isTemplate": false,
    "count": 2,
    "updated": 1531858999
  },
  {
    "id": "50cc4c37-87de-49cf-9959-90b6efd84208",
    "data": [
      {
        "text": "okay",
        "userDefined": false
      }
    ],
    "isTemplate": false,
    "count": 1,
    "updated": 1531858999
  },
  {
    "id": "31fcc23e-18b4-4667-8792-2e96dab49c48",
    "data": [
      {
        "text": "sounds correct",
        "userDefined": false
      }
    ],
    "isTemplate": false,
    "count": 1,
    "updated": 1531858999
  },
  {
    "id": "bb7b1e2d-7814-4c60-9e85-1e5f7c5c4e40",
    "data": [
      {
        "text": "that works",
        "userDefined": false
      }
    ],
    "isTemplate": false,
    "count": 0,
    "updated": 1531858999
  },
  {
    "id": "62550197-33cc-494d-a7a1-574fb6232f47",
    "data": [
      {
        "text": "yep that\u0027s ok",
        "userDefined": false
      }
    ],
    "isTemplate": false,
    "count": 0,
    "updated": 1531858999
  },
  {
    "id": "fbc01d88-aeb3-4bf0-9a8a-9bebf5fc44ba",
    "data": [
      {
        "text": "yes that\u0027s alright",
        "userDefined": false
      }
    ],
    "isTemplate": false,
    "count": 0,
    "updated": 1531867231
  },
  {
    "id": "9c648986-155a-4f1f-8259-61baf4897d31",
    "data": [
      {
        "text": "I think so",
        "userDefined": false
      }
    ],
    "isTemplate": false,
    "count": 0,
    "updated": 1531858999
  },
  {
    "id": "00fc31c0-9b7e-4d71-9bd0-cd46df28f6c9",
    "data": [
      {
        "text": "sg",
        "userDefined": false
      }
    ],
    "isTemplate": false,
    "count": 0,
    "updated": 1531858999
  },
  {
    "id": "51118f0a-fb0d-42ce-a0db-f38470657e44",
    "data": [
      {
        "text": "yes I agree",
        "userDefined": false
      }
    ],
    "isTemplate": false,
    "count": 1,
    "updated": 1531858999
  },
  {
    "id": "6a565e77-02ad-41f2-b1b5-2b229051fad9",
    "data": [
      {
        "text": "I don\u0027t mind",
        "userDefined": false
      }
    ],
    "isTemplate": false,
    "count": 3,
    "updated": 1531858999
  },
  {
    "id": "708aae3f-5cd3-4191-a253-58d69fc775f6",
    "data": [
      {
        "text": "I agree",
        "userDefined": false
      }
    ],
    "isTemplate": false,
    "count": 2,
    "updated": 1531858999
  },
  {
    "id": "c1bce63c-2fed-4ccf-a6b2-53219dc9257d",
    "data": [
      {
        "text": "yes I do",
        "userDefined": false
      }
    ],
    "isTemplate": false,
    "count": 0,
    "updated": 1531858999
  },
  {
    "id": "e3b89e64-649a-44a5-85a6-aa0e98bbf225",
    "data": [
      {
        "text": "for sure",
        "userDefined": false
      }
    ],
    "isTemplate": false,
    "count": 0,
    "updated": 1531858999
  },
  {
    "id": "3e0b934e-f66c-4a61-8f87-9f1d126f26ab",
    "data": [
      {
        "text": "ok",
        "userDefined": false
      }
    ],
    "isTemplate": false,
    "count": 1,
    "updated": 1531858999
  },
  {
    "id": "7f95b0f9-fc50-44e4-9d2d-6261c0bfbae3",
    "data": [
      {
        "text": "yes that\u0027t ok",
        "userDefined": false
      }
    ],
    "isTemplate": false,
    "count": 0,
    "updated": 1531858999
  },
  {
    "id": "3d165228-d6f9-4d95-a814-e12486d1b56f",
    "data": [
      {
        "text": "that one works",
        "userDefined": false
      }
    ],
    "isTemplate": false,
    "count": 0,
    "updated": 1531858999
  },
  {
    "id": "6e68cafb-3e9f-4570-aff3-66fae91fc806",
    "data": [
      {
        "text": "yes you can do it",
        "userDefined": false
      }
    ],
    "isTemplate": false,
    "count": 0,
    "updated": 1531858999
  },
  {
    "id": "8ac532d7-f2d6-488e-ac75-ff2ecd9e41a1",
    "data": [
      {
        "text": "perfect",
        "userDefined": false
      }
    ],
    "isTemplate": false,
    "count": 0,
    "updated": 1531858999
  },
  {
    "id": "686f747e-7363-4b46-bb67-daead7d4ba83",
    "data": [
      {
        "text": "yes",
        "userDefined": false
      }
    ],
    "isTemplate": false,
    "count": 1,
    "updated": 1531858999
  },
  {
    "id": "041c1444-7362-4de3-9f34-ed216f044a65",
    "data": [
      {
        "text": "why not",
        "userDefined": false
      }
    ],
    "isTemplate": false,
    "count": 0,
    "updated": 1531858999
  },
  {
    "id": "c1d70209-b9db-4f1f-a721-197381933328",
    "data": [
      {
        "text": "of course",
        "userDefined": false
      }
    ],
    "isTemplate": false,
    "count": 0,
    "updated": 1531858999
  },
  {
    "id": "a068804f-1c20-4941-898c-6d1e819a4141",
    "data": [
      {
        "text": "yep that\u0027s right",
        "userDefined": false
      }
    ],
    "isTemplate": false,
    "count": 1,
    "updated": 1531858999
  },
  {
    "id": "77397d63-8e19-4b1e-a432-c36000cfe10c",
    "data": [
      {
        "text": "okay I will",
        "userDefined": false
      }
    ],
    "isTemplate": false,
    "count": 2,
    "updated": 1531858999
  },
  {
    "id": "65de942f-124e-4af7-a0e9-6fe69136a4c5",
    "data": [
      {
        "text": "exactly",
        "userDefined": false
      }
    ],
    "isTemplate": false,
    "count": 1,
    "updated": 1531858999
  },
  {
    "id": "8e19a5bc-cefe-4d8c-8730-45a3475cd57f",
    "data": [
      {
        "text": "sure why not",
        "userDefined": false
      }
    ],
    "isTemplate": false,
    "count": 0,
    "updated": 1531858999
  },
  {
    "id": "89d0d557-81ab-433c-b075-a25e6536ab91",
    "data": [
      {
        "text": "absolutely",
        "userDefined": false
      }
    ],
    "isTemplate": false,
    "count": 1,
    "updated": 1531858999
  },
  {
    "id": "68d1b094-0810-49c3-9b66-d20863ed44aa",
    "data": [
      {
        "text": "it\u0027s okay",
        "userDefined": false
      }
    ],
    "isTemplate": false,
    "count": 0,
    "updated": 1531858999
  },
  {
    "id": "4087d077-c0d5-44f7-b77b-e02cba1e4cc7",
    "data": [
      {
        "text": "it\u0027s fine",
        "userDefined": false
      }
    ],
    "isTemplate": false,
    "count": 0,
    "updated": 1531858999
  },
  {
    "id": "8f569911-5013-4c44-b9b3-7937aa18f79c",
    "data": [
      {
        "text": "go ahead",
        "userDefined": false
      }
    ],
    "isTemplate": false,
    "count": 1,
    "updated": 1531858999
  },
  {
    "id": "41727d97-c201-4aa1-af94-489a255aa3df",
    "data": [
      {
        "text": "confirm",
        "userDefined": false
      }
    ],
    "isTemplate": false,
    "count": 1,
    "updated": 1531858999
  },
  {
    "id": "4ebd9af9-a1bb-4b85-8523-06758902b507",
    "data": [
      {
        "text": "sounds good",
        "userDefined": false
      }
    ],
    "isTemplate": false,
    "count": 0,
    "updated": 1531858999
  },
  {
    "id": "fac18d12-027c-465c-82b3-fb6f39d2b870",
    "data": [
      {
        "text": "alright",
        "userDefined": false
      }
    ],
    "isTemplate": false,
    "count": 0,
    "updated": 1531858999
  },
  {
    "id": "1d2a4b39-987e-470b-9c35-3cc6f9a3c487",
    "data": [
      {
        "text": "yeah",
        "userDefined": false
      }
    ],
    "isTemplate": false,
    "count": 0,
    "updated": 1531858999
  },
  {
    "id": "8ea4ae1c-3abb-45fe-a55c-d69e9189614e",
    "data": [
      {
        "text": "yup",
        "userDefined": false
      }
    ],
    "isTemplate": false,
    "count": 0,
    "updated": 1531858999
  },
  {
    "id": "58c5cf6a-81f6-4759-aaf3-0d6680943720",
    "data": [
      {
        "text": "yes please",
        "userDefined": false
      }
    ],
    "isTemplate": false,
    "count": 0,
    "updated": 1531858999
  },
  {
    "id": "734a8d1b-0957-410f-97f8-14d70af6631c",
    "data": [
      {
        "text": "do it",
        "userDefined": false
      }
    ],
    "isTemplate": false,
    "count": 1,
    "updated": 1531858999
  },
  {
    "id": "0282f24d-4575-426a-a75f-df014831a163",
    "data": [
      {
        "text": "yes I can",
        "userDefined": false
      }
    ],
    "isTemplate": false,
    "count": 0,
    "updated": 1531858999
  },
  {
    "id": "22c3d665-e4fa-4ae9-aede-80a8c01d2cf4",
    "data": [
      {
        "text": "it looks perfect",
        "userDefined": false
      }
    ],
    "isTemplate": false,
    "count": 0,
    "updated": 1531858999
  },
  {
    "id": "692442e0-4399-43f9-a4d0-abaf12d3cae9",
    "data": [
      {
        "text": "that\u0027s correct",
        "userDefined": false
      }
    ],
    "isTemplate": false,
    "count": 0,
    "updated": 1531858999
  },
  {
    "id": "c68409b5-7ce3-4895-a08a-87c805ef05d4",
    "data": [
      {
        "text": "right",
        "userDefined": false
      }
    ],
    "isTemplate": false,
    "count": 0,
    "updated": 1531858999
  },
  {
    "id": "58c3c6be-83fc-4f34-8599-9aeaa6b92813",
    "data": [
      {
        "text": "alright why not",
        "userDefined": false
      }
    ],
    "isTemplate": false,
    "count": 0,
    "updated": 1531858999
  },
  {
    "id": "3b85638f-c0df-40b4-b337-1f0f736a4b4a",
    "data": [
      {
        "text": "yep",
        "userDefined": false
      }
    ],
    "isTemplate": false,
    "count": 0,
    "updated": 1531858999
  }
]