[
  {
    "id": "90add998-6534-4620-be2c-21d35d0463cd",
    "data": [
      {
        "text": "I am worried of my account balance",
        "userDefined": false
      }
    ],
    "isTemplate": false,
    "count": 0,
    "updated": 1542722766
  },
  {
    "id": "bb525a0c-4742-4a8f-8c42-9a59bbf7a76b",
    "data": [
      {
        "text": "My shopping expenses have increased too much.",
        "userDefined": false
      }
    ],
    "isTemplate": false,
    "count": 0,
    "updated": 1542722766
  },
  {
    "id": "dd1f0415-30e0-4e6c-a83a-65a678595314",
    "data": [
      {
        "text": "How can I shop without having balance in my account?",
        "userDefined": false
      }
    ],
    "isTemplate": false,
    "count": 0,
    "updated": 1542722766
  },
  {
    "id": "8d5f4c37-70ec-43c4-8b79-439f2ba12621",
    "data": [
      {
        "text": "I want to have Credit card",
        "userDefined": false
      }
    ],
    "isTemplate": false,
    "count": 0,
    "updated": 1542722766
  },
  {
    "id": "353a2130-b9b0-4047-96dd-cf38eaa7af15",
    "data": [
      {
        "text": "Can I get credit card?",
        "userDefined": false
      }
    ],
    "isTemplate": false,
    "count": 0,
    "updated": 1542722766
  },
  {
    "id": "f0c02cda-2034-4b22-831d-2c82aafd0ae1",
    "data": [
      {
        "text": "Can you please increase my credit limit?",
        "userDefined": false
      }
    ],
    "isTemplate": false,
    "count": 0,
    "updated": 1542722766
  },
  {
    "id": "18e7976a-1448-4bfc-885b-9c05d3784ef2",
    "data": [
      {
        "text": "Will I get bankrupt?",
        "userDefined": false
      }
    ],
    "isTemplate": false,
    "count": 0,
    "updated": 1542722766
  },
  {
    "id": "c523a790-c779-4788-b2dc-e91627b19013",
    "data": [
      {
        "text": "My account balance is too low.",
        "userDefined": false
      }
    ],
    "isTemplate": false,
    "count": 0,
    "updated": 1542722766
  }
]