[
  {
    "id": "75553bdf-ce38-4fc3-b9fc-5509939fe19e",
    "data": [
      {
        "text": "don\u0027t",
        "userDefined": false
      }
    ],
    "isTemplate": false,
    "count": 0,
    "updated": 1531859391
  },
  {
    "id": "4d290e7d-68a7-4297-9645-ef5df609b37e",
    "data": [
      {
        "text": "nope not really",
        "userDefined": false
      }
    ],
    "isTemplate": false,
    "count": 0,
    "updated": 1531859391
  },
  {
    "id": "0fbe6b5e-1b0e-4fee-90b8-3e22ff9f3a40",
    "data": [
      {
        "text": "no that\u0027s be all",
        "userDefined": false
      }
    ],
    "isTemplate": false,
    "count": 0,
    "updated": 1531859391
  },
  {
    "id": "e97d7b2c-7417-4a57-b30c-56ade59d108d",
    "data": [
      {
        "text": "not right now",
        "userDefined": false
      }
    ],
    "isTemplate": false,
    "count": 0,
    "updated": 1531859391
  },
  {
    "id": "bb9b32cc-016c-472e-bce7-178092e8ae65",
    "data": [
      {
        "text": "thanks but no",
        "userDefined": false
      }
    ],
    "isTemplate": false,
    "count": 0,
    "updated": 1531859391
  },
  {
    "id": "f9ddbd2f-7ff3-452b-911b-8220636561a0",
    "data": [
      {
        "text": "not",
        "userDefined": false
      }
    ],
    "isTemplate": false,
    "count": 0,
    "updated": 1531859391
  },
  {
    "id": "86b448d0-2668-4f4a-ba68-cee7f2c6b243",
    "data": [
      {
        "text": "no we are good",
        "userDefined": false
      }
    ],
    "isTemplate": false,
    "count": 0,
    "updated": 1531859391
  },
  {
    "id": "a96cf100-634d-446b-8e1f-29134a5041ec",
    "data": [
      {
        "text": "nothing else",
        "userDefined": false
      }
    ],
    "isTemplate": false,
    "count": 1,
    "updated": 1531859391
  },
  {
    "id": "0796f926-89e9-4052-85a6-15eb10c0fb25",
    "data": [
      {
        "text": "not interested",
        "userDefined": false
      }
    ],
    "isTemplate": false,
    "count": 0,
    "updated": 1531859391
  },
  {
    "id": "21a3e40d-70ff-4d55-97a3-899ad2bdd0ba",
    "data": [
      {
        "text": "nah I\u0027m good",
        "userDefined": false
      }
    ],
    "isTemplate": false,
    "count": 1,
    "updated": 1531859391
  },
  {
    "id": "4e835a8a-3377-4cf1-8a15-00a0e38793ea",
    "data": [
      {
        "text": "definitely not",
        "userDefined": false
      }
    ],
    "isTemplate": false,
    "count": 3,
    "updated": 1531859391
  },
  {
    "id": "e567056f-e21f-4222-9da3-e221aea60d08",
    "data": [
      {
        "text": "no never",
        "userDefined": false
      }
    ],
    "isTemplate": false,
    "count": 0,
    "updated": 1531859391
  },
  {
    "id": "a127c6c9-8832-4c7c-88ad-bad787b3b490",
    "data": [
      {
        "text": "never",
        "userDefined": false
      }
    ],
    "isTemplate": false,
    "count": 0,
    "updated": 1531859391
  },
  {
    "id": "0ef3fd89-ee38-4dd4-a40d-a0b3679bad5f",
    "data": [
      {
        "text": "nah",
        "userDefined": false
      }
    ],
    "isTemplate": false,
    "count": 2,
    "updated": 1531859391
  },
  {
    "id": "d8124d5a-f06f-42a2-aae3-2715201df17c",
    "data": [
      {
        "text": "nothing",
        "userDefined": false
      }
    ],
    "isTemplate": false,
    "count": 0,
    "updated": 1531859391
  },
  {
    "id": "fb6e83c4-2ada-4d6f-a69b-9cd577a4d4e6",
    "data": [
      {
        "text": "no maybe next time",
        "userDefined": false
      }
    ],
    "isTemplate": false,
    "count": 0,
    "updated": 1531859391
  },
  {
    "id": "62e76f94-8a64-44dd-90ab-a0075fc995be",
    "data": [
      {
        "text": "I don\u0027t want that",
        "userDefined": false
      }
    ],
    "isTemplate": false,
    "count": 0,
    "updated": 1531859391
  },
  {
    "id": "92ac7e45-db71-4999-ba97-2bba7fba548d",
    "data": [
      {
        "text": "no not really",
        "userDefined": false
      }
    ],
    "isTemplate": false,
    "count": 0,
    "updated": 1531859391
  },
  {
    "id": "8a167f66-822d-4bdf-b03c-d7ae4e15a97b",
    "data": [
      {
        "text": "no that\u0027s ok",
        "userDefined": false
      }
    ],
    "isTemplate": false,
    "count": 1,
    "updated": 1531859391
  },
  {
    "id": "83eb7154-fc23-462b-87b8-2ecfd00048c8",
    "data": [
      {
        "text": "no no don\u0027t",
        "userDefined": false
      }
    ],
    "isTemplate": false,
    "count": 0,
    "updated": 1531859391
  },
  {
    "id": "ff6bb61a-98e0-43e7-a75e-37a820694900",
    "data": [
      {
        "text": "na",
        "userDefined": false
      }
    ],
    "isTemplate": false,
    "count": 0,
    "updated": 1531859391
  },
  {
    "id": "2576a675-d2b6-472d-ae78-0ba9957f7c14",
    "data": [
      {
        "text": "no way no",
        "userDefined": false
      }
    ],
    "isTemplate": false,
    "count": 0,
    "updated": 1531859391
  },
  {
    "id": "8044a212-faee-412a-8106-e967f2422673",
    "data": [
      {
        "text": "I can\u0027t",
        "userDefined": false
      }
    ],
    "isTemplate": false,
    "count": 0,
    "updated": 1531859391
  },
  {
    "id": "9dfd207b-1b4f-457a-be77-36a7c8f87f88",
    "data": [
      {
        "text": "no thanks",
        "userDefined": false
      }
    ],
    "isTemplate": false,
    "count": 0,
    "updated": 1531859391
  },
  {
    "id": "e5164f81-5e17-4ea9-9622-d211e429f081",
    "data": [
      {
        "text": "not at all",
        "userDefined": false
      }
    ],
    "isTemplate": false,
    "count": 0,
    "updated": 1531859391
  },
  {
    "id": "f33f976c-4b19-444a-825c-aee6c3e45255",
    "data": [
      {
        "text": "not really",
        "userDefined": false
      }
    ],
    "isTemplate": false,
    "count": 0,
    "updated": 1531859391
  },
  {
    "id": "b0219753-6104-4381-bf1c-1e6c909475d3",
    "data": [
      {
        "text": "I don\u0027t",
        "userDefined": false
      }
    ],
    "isTemplate": false,
    "count": 0,
    "updated": 1531859391
  },
  {
    "id": "33d85220-769b-43ec-b962-840dff7646f2",
    "data": [
      {
        "text": "no I cannot",
        "userDefined": false
      }
    ],
    "isTemplate": false,
    "count": 1,
    "updated": 1531859391
  },
  {
    "id": "1ed0dfcb-4d88-4eb0-8f32-9961f612ff67",
    "data": [
      {
        "text": "no that\u0027s okay",
        "userDefined": false
      }
    ],
    "isTemplate": false,
    "count": 0,
    "updated": 1531859391
  },
  {
    "id": "169932a0-5dbd-4e63-8a16-46c4050d84e8",
    "data": [
      {
        "text": "nope",
        "userDefined": false
      }
    ],
    "isTemplate": false,
    "count": 1,
    "updated": 1531859391
  },
  {
    "id": "efeffd77-ace4-41af-8c8a-9d7a533fd2ed",
    "data": [
      {
        "text": "I don\u0027t think so",
        "userDefined": false
      }
    ],
    "isTemplate": false,
    "count": 1,
    "updated": 1531859391
  },
  {
    "id": "17bf27a6-8541-47e5-93f7-a68763257aab",
    "data": [
      {
        "text": "no it isn\u0027t",
        "userDefined": false
      }
    ],
    "isTemplate": false,
    "count": 1,
    "updated": 1531859391
  },
  {
    "id": "b6fdb044-b4b4-4335-ac55-ac0ee306b0b8",
    "data": [
      {
        "text": "thanks but not this time",
        "userDefined": false
      }
    ],
    "isTemplate": false,
    "count": 1,
    "updated": 1531859391
  },
  {
    "id": "684529a1-9be9-46bc-b58d-e73d4871c968",
    "data": [
      {
        "text": "no that\u0027s fine thank you",
        "userDefined": false
      }
    ],
    "isTemplate": false,
    "count": 0,
    "updated": 1531859391
  },
  {
    "id": "62d8535a-fcab-4b44-af08-5aa0250e853b",
    "data": [
      {
        "text": "no don\u0027t",
        "userDefined": false
      }
    ],
    "isTemplate": false,
    "count": 0,
    "updated": 1531859391
  },
  {
    "id": "8ffc659b-d7ea-4363-867c-c80f31c07458",
    "data": [
      {
        "text": "don\u0027t do it",
        "userDefined": false
      }
    ],
    "isTemplate": false,
    "count": 3,
    "updated": 1531859391
  },
  {
    "id": "ee4420bd-3290-49dd-985b-932d2e973dea",
    "data": [
      {
        "text": "I don\u0027t want",
        "userDefined": false
      }
    ],
    "isTemplate": false,
    "count": 0,
    "updated": 1531859391
  },
  {
    "id": "04bb6077-2049-4bba-bd22-32c1f9b57a99",
    "data": [
      {
        "text": "not ",
        "userDefined": false
      },
      {
        "text": "today",
        "meta": "@sys.ignore",
        "userDefined": false
      }
    ],
    "isTemplate": false,
    "count": 0,
    "updated": 1531859391
  },
  {
    "id": "1bad2737-1a5b-4b9d-a61b-d6facf4fe47a",
    "data": [
      {
        "text": "I\u0027m not",
        "userDefined": false
      }
    ],
    "isTemplate": false,
    "count": 3,
    "updated": 1531859391
  },
  {
    "id": "fff4f76e-1a96-4f04-950a-305da10750ab",
    "data": [
      {
        "text": "no way",
        "userDefined": false
      }
    ],
    "isTemplate": false,
    "count": 0,
    "updated": 1531859391
  },
  {
    "id": "98d66a27-d4ab-407a-b814-3593755a86d6",
    "data": [
      {
        "text": "no",
        "userDefined": false
      }
    ],
    "isTemplate": false,
    "count": 2,
    "updated": 1531859391
  },
  {
    "id": "58d70362-ad62-45c9-95d2-a90981731670",
    "data": [
      {
        "text": "I disagree",
        "userDefined": false
      }
    ],
    "isTemplate": false,
    "count": 2,
    "updated": 1531859391
  },
  {
    "id": "6e5064ba-6e11-48a6-9b89-159a7ed3ec8b",
    "data": [
      {
        "text": "not this time",
        "userDefined": false
      }
    ],
    "isTemplate": false,
    "count": 0,
    "updated": 1531859391
  },
  {
    "id": "c73bfa05-26dc-4660-9546-b953f405fb6c",
    "data": [
      {
        "text": "nothing else thanks",
        "userDefined": false
      }
    ],
    "isTemplate": false,
    "count": 0,
    "updated": 1531859391
  }
]