[
  {
    "id": "cff08ed4-ecae-4225-ac53-b7a7ad948b77",
    "data": [
      {
        "text": "sure",
        "userDefined": false
      }
    ],
    "isTemplate": false,
    "count": 2,
    "updated": 1531858999
  },
  {
    "id": "06efaca6-e4a5-42f0-86c3-c9f45c6f6250",
    "data": [
      {
        "text": "okay",
        "userDefined": false
      }
    ],
    "isTemplate": false,
    "count": 1,
    "updated": 1531858999
  },
  {
    "id": "ad60aac2-c0e7-4240-a4ff-c765cb40c036",
    "data": [
      {
        "text": "sounds correct",
        "userDefined": false
      }
    ],
    "isTemplate": false,
    "count": 1,
    "updated": 1531858999
  },
  {
    "id": "683b8875-476d-41df-b31a-346689693682",
    "data": [
      {
        "text": "that works",
        "userDefined": false
      }
    ],
    "isTemplate": false,
    "count": 0,
    "updated": 1531858999
  },
  {
    "id": "b9660f05-d5f8-474b-b7e1-0623dc6f4b7b",
    "data": [
      {
        "text": "yep that\u0027s ok",
        "userDefined": false
      }
    ],
    "isTemplate": false,
    "count": 0,
    "updated": 1531858999
  },
  {
    "id": "6566b7cc-3bb4-4a3d-8c00-8bad1f77764d",
    "data": [
      {
        "text": "yes that\u0027s alright",
        "userDefined": false
      }
    ],
    "isTemplate": false,
    "count": 0,
    "updated": 1531867231
  },
  {
    "id": "d9c70c1e-0f45-4e0b-bc07-ed693a2af3da",
    "data": [
      {
        "text": "I think so",
        "userDefined": false
      }
    ],
    "isTemplate": false,
    "count": 0,
    "updated": 1531858999
  },
  {
    "id": "e7bf08d2-d2f3-4005-8b40-72d546fec01f",
    "data": [
      {
        "text": "sg",
        "userDefined": false
      }
    ],
    "isTemplate": false,
    "count": 0,
    "updated": 1531858999
  },
  {
    "id": "48eaca52-3aef-4b48-aa43-12971adaeaa8",
    "data": [
      {
        "text": "yes I agree",
        "userDefined": false
      }
    ],
    "isTemplate": false,
    "count": 1,
    "updated": 1531858999
  },
  {
    "id": "8e0f4e6a-ddfc-4f65-bf80-5ac431c0d551",
    "data": [
      {
        "text": "I don\u0027t mind",
        "userDefined": false
      }
    ],
    "isTemplate": false,
    "count": 3,
    "updated": 1531858999
  },
  {
    "id": "12da39c7-4c68-4fc1-8962-f417abc5697d",
    "data": [
      {
        "text": "I agree",
        "userDefined": false
      }
    ],
    "isTemplate": false,
    "count": 2,
    "updated": 1531858999
  },
  {
    "id": "2b255ec0-e333-4aca-8d0d-d0f987b20c2d",
    "data": [
      {
        "text": "yes I do",
        "userDefined": false
      }
    ],
    "isTemplate": false,
    "count": 0,
    "updated": 1531858999
  },
  {
    "id": "5e732620-1ff2-4848-a073-3c576f54f383",
    "data": [
      {
        "text": "for sure",
        "userDefined": false
      }
    ],
    "isTemplate": false,
    "count": 0,
    "updated": 1531858999
  },
  {
    "id": "66f0b3c3-943e-4412-a835-08da01efadc0",
    "data": [
      {
        "text": "ok",
        "userDefined": false
      }
    ],
    "isTemplate": false,
    "count": 1,
    "updated": 1531858999
  },
  {
    "id": "195dcd02-0444-4aac-adbb-bca667d751de",
    "data": [
      {
        "text": "yes that\u0027t ok",
        "userDefined": false
      }
    ],
    "isTemplate": false,
    "count": 0,
    "updated": 1531858999
  },
  {
    "id": "130f1277-4874-4fd1-9d85-0a9093368c4b",
    "data": [
      {
        "text": "that one works",
        "userDefined": false
      }
    ],
    "isTemplate": false,
    "count": 0,
    "updated": 1531858999
  },
  {
    "id": "f7f4f0ca-796c-445e-a69a-a70b109620cb",
    "data": [
      {
        "text": "yes you can do it",
        "userDefined": false
      }
    ],
    "isTemplate": false,
    "count": 0,
    "updated": 1531858999
  },
  {
    "id": "8fb0ed8c-ffd8-4527-89bf-fed39ac6214e",
    "data": [
      {
        "text": "perfect",
        "userDefined": false
      }
    ],
    "isTemplate": false,
    "count": 0,
    "updated": 1531858999
  },
  {
    "id": "430b33d0-9539-4e12-a099-f690fabb8031",
    "data": [
      {
        "text": "yes",
        "userDefined": false
      }
    ],
    "isTemplate": false,
    "count": 1,
    "updated": 1531858999
  },
  {
    "id": "85381e4f-6fc1-4d77-ae8a-a5940761380a",
    "data": [
      {
        "text": "why not",
        "userDefined": false
      }
    ],
    "isTemplate": false,
    "count": 0,
    "updated": 1531858999
  },
  {
    "id": "1e35dc11-1309-419f-851e-907f34d608b5",
    "data": [
      {
        "text": "of course",
        "userDefined": false
      }
    ],
    "isTemplate": false,
    "count": 0,
    "updated": 1531858999
  },
  {
    "id": "799f5326-a61d-47e0-8296-9c8233435fee",
    "data": [
      {
        "text": "yep that\u0027s right",
        "userDefined": false
      }
    ],
    "isTemplate": false,
    "count": 1,
    "updated": 1531858999
  },
  {
    "id": "db3dd807-2261-4193-8542-b1609dcb3422",
    "data": [
      {
        "text": "okay I will",
        "userDefined": false
      }
    ],
    "isTemplate": false,
    "count": 2,
    "updated": 1531858999
  },
  {
    "id": "41e518c5-3b49-482c-a9f7-5e82d1e1374c",
    "data": [
      {
        "text": "exactly",
        "userDefined": false
      }
    ],
    "isTemplate": false,
    "count": 1,
    "updated": 1531858999
  },
  {
    "id": "23063a83-984d-45f0-bec9-a32411dc9da7",
    "data": [
      {
        "text": "sure why not",
        "userDefined": false
      }
    ],
    "isTemplate": false,
    "count": 0,
    "updated": 1531858999
  },
  {
    "id": "37cfa56a-2827-4098-9bc8-e42464536724",
    "data": [
      {
        "text": "absolutely",
        "userDefined": false
      }
    ],
    "isTemplate": false,
    "count": 1,
    "updated": 1531858999
  },
  {
    "id": "a5400725-0072-433e-8d10-cc20fba5152e",
    "data": [
      {
        "text": "it\u0027s okay",
        "userDefined": false
      }
    ],
    "isTemplate": false,
    "count": 0,
    "updated": 1531858999
  },
  {
    "id": "87f8ed18-5b81-45d0-a163-e285698388d4",
    "data": [
      {
        "text": "it\u0027s fine",
        "userDefined": false
      }
    ],
    "isTemplate": false,
    "count": 0,
    "updated": 1531858999
  },
  {
    "id": "78a5ca44-8f94-46e1-b8b7-44f2c8848a38",
    "data": [
      {
        "text": "go ahead",
        "userDefined": false
      }
    ],
    "isTemplate": false,
    "count": 1,
    "updated": 1531858999
  },
  {
    "id": "afdca603-8ae2-4e23-a3c9-737c5b760634",
    "data": [
      {
        "text": "confirm",
        "userDefined": false
      }
    ],
    "isTemplate": false,
    "count": 1,
    "updated": 1531858999
  },
  {
    "id": "0ef37584-9565-4979-946f-240738aec13a",
    "data": [
      {
        "text": "sounds good",
        "userDefined": false
      }
    ],
    "isTemplate": false,
    "count": 0,
    "updated": 1531858999
  },
  {
    "id": "f469de50-55de-4010-97fa-58f15edd9bea",
    "data": [
      {
        "text": "alright",
        "userDefined": false
      }
    ],
    "isTemplate": false,
    "count": 0,
    "updated": 1531858999
  },
  {
    "id": "6f57d535-67a9-4823-b43d-31de48318923",
    "data": [
      {
        "text": "yeah",
        "userDefined": false
      }
    ],
    "isTemplate": false,
    "count": 0,
    "updated": 1531858999
  },
  {
    "id": "fc9a2a79-2787-4c4f-bca9-2043bfddb0ba",
    "data": [
      {
        "text": "yup",
        "userDefined": false
      }
    ],
    "isTemplate": false,
    "count": 0,
    "updated": 1531858999
  },
  {
    "id": "eb631a4b-e611-4013-be55-217ad7f1431c",
    "data": [
      {
        "text": "yes please",
        "userDefined": false
      }
    ],
    "isTemplate": false,
    "count": 0,
    "updated": 1531858999
  },
  {
    "id": "113c5355-898c-4a7b-a3a4-12371ca12891",
    "data": [
      {
        "text": "do it",
        "userDefined": false
      }
    ],
    "isTemplate": false,
    "count": 1,
    "updated": 1531858999
  },
  {
    "id": "56946f6e-0ccd-42aa-9fa0-a1fe14579f35",
    "data": [
      {
        "text": "yes I can",
        "userDefined": false
      }
    ],
    "isTemplate": false,
    "count": 0,
    "updated": 1531858999
  },
  {
    "id": "15361381-d88e-43f2-b70f-57295e69cd38",
    "data": [
      {
        "text": "it looks perfect",
        "userDefined": false
      }
    ],
    "isTemplate": false,
    "count": 0,
    "updated": 1531858999
  },
  {
    "id": "85d18d9a-4d46-4886-a111-891111c8f25e",
    "data": [
      {
        "text": "that\u0027s correct",
        "userDefined": false
      }
    ],
    "isTemplate": false,
    "count": 0,
    "updated": 1531858999
  },
  {
    "id": "821348d1-80af-452a-8055-e1f2d0ab62d6",
    "data": [
      {
        "text": "right",
        "userDefined": false
      }
    ],
    "isTemplate": false,
    "count": 0,
    "updated": 1531858999
  },
  {
    "id": "a3490c80-dc93-4dcd-9694-fabcc0e1a851",
    "data": [
      {
        "text": "alright why not",
        "userDefined": false
      }
    ],
    "isTemplate": false,
    "count": 0,
    "updated": 1531858999
  },
  {
    "id": "7d86f408-a7c8-48e9-8502-cfc320cd2486",
    "data": [
      {
        "text": "yep",
        "userDefined": false
      }
    ],
    "isTemplate": false,
    "count": 0,
    "updated": 1531858999
  }
]