[
  {
    "id": "e2e2963b-ee0f-4dc8-a9fe-b96bfd2d3bd2",
    "data": [
      {
        "text": "Tell me more about ",
        "userDefined": false
      },
      {
        "text": "Gold",
        "alias": "creditCardEntity",
        "meta": "@creditCardEntity",
        "userDefined": false
      }
    ],
    "isTemplate": false,
    "count": 0,
    "updated": 1542728323
  },
  {
    "id": "fe4a9444-1d8f-4708-9a1d-9a0cdd89025d",
    "data": [
      {
        "text": "Let me look at ",
        "userDefined": false
      },
      {
        "text": "Platinum",
        "alias": "creditCardEntity",
        "meta": "@creditCardEntity",
        "userDefined": false
      },
      {
        "text": " please",
        "userDefined": false
      }
    ],
    "isTemplate": false,
    "count": 0,
    "updated": 1542728323
  },
  {
    "id": "a59e9fce-bbc7-4eca-9e9b-b75c57fc671e",
    "data": [
      {
        "text": "I would like to get ",
        "userDefined": false
      },
      {
        "text": "Platinum Card",
        "alias": "creditCardEntity",
        "meta": "@creditCardEntity",
        "userDefined": false
      }
    ],
    "isTemplate": false,
    "count": 0,
    "updated": 1542728323
  },
  {
    "id": "2dedf52e-f246-47bf-b1cf-6c0ba6695812",
    "data": [
      {
        "text": "I am interested in ",
        "userDefined": false
      },
      {
        "text": "Gold Card",
        "alias": "creditCardEntity",
        "meta": "@creditCardEntity",
        "userDefined": false
      }
    ],
    "isTemplate": false,
    "count": 0,
    "updated": 1542728323
  },
  {
    "id": "592f5dc0-83f3-41f9-b4cb-ba45c4dbae66",
    "data": [
      {
        "text": "Platinum Credit Card",
        "alias": "creditCardEntity",
        "meta": "@creditCardEntity",
        "userDefined": true
      }
    ],
    "isTemplate": false,
    "count": 0,
    "updated": 1542728323
  },
  {
    "id": "2d08dfda-f94e-46c0-81e1-42106fb6b3b2",
    "data": [
      {
        "text": "Gold Credit Card",
        "alias": "creditCardEntity",
        "meta": "@creditCardEntity",
        "userDefined": true
      }
    ],
    "isTemplate": false,
    "count": 0,
    "updated": 1542728323
  }
]