[
  {
    "id": "7cce2b5d-9ad8-4a37-bd17-9ecbc6824672",
    "data": [
      {
        "text": "just going to say hi",
        "userDefined": false
      }
    ],
    "isTemplate": false,
    "count": 0,
    "updated": 0
  },
  {
    "id": "eb0950f0-5d0b-43c9-ad5a-2f3b4edb59db",
    "data": [
      {
        "text": "heya",
        "userDefined": false
      }
    ],
    "isTemplate": false,
    "count": 0,
    "updated": 0
  },
  {
    "id": "21a50fec-5ceb-4d86-9786-2563fb8d3bad",
    "data": [
      {
        "text": "hello hi",
        "userDefined": false
      }
    ],
    "isTemplate": false,
    "count": 0,
    "updated": 0
  },
  {
    "id": "18256d4d-4c20-4563-b366-a45ee8864f47",
    "data": [
      {
        "text": "howdy",
        "userDefined": false
      }
    ],
    "isTemplate": false,
    "count": 0,
    "updated": 0
  },
  {
    "id": "b034e2c2-d3b0-40b7-9f57-c1d3a9e4ac3a",
    "data": [
      {
        "text": "hey there",
        "userDefined": false
      }
    ],
    "isTemplate": false,
    "count": 0,
    "updated": 0
  },
  {
    "id": "6e64a1e4-8159-4496-ac44-73c5ca0ba6d9",
    "data": [
      {
        "text": "hi there",
        "userDefined": false
      }
    ],
    "isTemplate": false,
    "count": 1,
    "updated": 0
  },
  {
    "id": "af2ed2be-b3a8-494e-b771-3b6d1f513e62",
    "data": [
      {
        "text": "greetings",
        "userDefined": false
      }
    ],
    "isTemplate": false,
    "count": 0,
    "updated": 0
  },
  {
    "id": "4309cf75-10b1-4b0e-8333-6a1de34d4346",
    "data": [
      {
        "text": "hey",
        "userDefined": false
      }
    ],
    "isTemplate": false,
    "count": 0,
    "updated": 0
  },
  {
    "id": "d727d72e-6e9f-4a34-a9a1-5f58e782e88b",
    "data": [
      {
        "text": "long time no see",
        "userDefined": false
      }
    ],
    "isTemplate": false,
    "count": 0,
    "updated": 0
  },
  {
    "id": "08913d36-e2c7-44c8-9c96-5a9a854378fe",
    "data": [
      {
        "text": "hello",
        "userDefined": false
      }
    ],
    "isTemplate": false,
    "count": 0,
    "updated": 0
  },
  {
    "id": "a770089b-7a1a-49bf-85f8-a2f6f260323f",
    "data": [
      {
        "text": "lovely day isn\u0027t it",
        "userDefined": false
      }
    ],
    "isTemplate": false,
    "count": 0,
    "updated": 0
  },
  {
    "id": "cbd9fadf-59cd-4b4c-9b3e-fced2b5ccdae",
    "data": [
      {
        "text": "I greet you",
        "userDefined": false
      }
    ],
    "isTemplate": false,
    "count": 0,
    "updated": 0
  },
  {
    "id": "c9f631f3-45b8-4157-b591-6180e837596c",
    "data": [
      {
        "text": "hello again",
        "userDefined": false
      }
    ],
    "isTemplate": false,
    "count": 0,
    "updated": 0
  },
  {
    "id": "3c8615d7-9c3d-4fd8-9e35-3b0c6656ae5a",
    "data": [
      {
        "text": "hi",
        "userDefined": false
      }
    ],
    "isTemplate": false,
    "count": 0,
    "updated": 0
  },
  {
    "id": "acdd5755-655b-4939-b723-f4f6ba597f58",
    "data": [
      {
        "text": "hello there",
        "userDefined": false
      }
    ],
    "isTemplate": false,
    "count": 0,
    "updated": 0
  },
  {
    "id": "56522038-9ce9-466f-a7e9-fab922d737fa",
    "data": [
      {
        "text": "a good day",
        "userDefined": false
      }
    ],
    "isTemplate": false,
    "count": 0,
    "updated": 0
  }
]