[
  {
    "id": "2375c9f9-ff60-4ce6-9c85-fdec101b6066",
    "data": [
      {
        "text": "Please note down ",
        "userDefined": false
      },
      {
        "text": "123456",
        "alias": "number",
        "meta": "@sys.number",
        "userDefined": true
      }
    ],
    "isTemplate": false,
    "count": 0,
    "updated": 1542717799
  },
  {
    "id": "e64b3907-f8af-4331-a0f5-07605a0489dc",
    "data": [
      {
        "text": "124556",
        "alias": "number",
        "meta": "@sys.number",
        "userDefined": true
      },
      {
        "text": " is my One time password",
        "userDefined": false
      }
    ],
    "isTemplate": false,
    "count": 0,
    "updated": 1542717799
  },
  {
    "id": "d3fc546e-0764-4f58-abe3-c5bd98af9b4b",
    "data": [
      {
        "text": "OTP is ",
        "userDefined": false
      },
      {
        "text": "345678",
        "alias": "number",
        "meta": "@sys.number",
        "userDefined": true
      }
    ],
    "isTemplate": false,
    "count": 0,
    "updated": 1542717799
  },
  {
    "id": "c5a72b7a-ab90-44de-a2fa-3636eb8ad8c9",
    "data": [
      {
        "text": "123456",
        "alias": "number",
        "meta": "@sys.number",
        "userDefined": false
      }
    ],
    "isTemplate": false,
    "count": 0,
    "updated": 1542717799
  },
  {
    "id": "b9112968-23a1-4bd3-875d-3e5fb68d1133",
    "data": [
      {
        "text": "one two three four five six",
        "alias": "number",
        "meta": "@sys.number",
        "userDefined": false
      }
    ],
    "isTemplate": false,
    "count": 0,
    "updated": 1542717799
  }
]