[
  {
    "id": "637c00b0-6859-420a-b7bc-4e0e9de7e946",
    "data": [
      {
        "text": "9860615568",
        "alias": "phone-number",
        "meta": "@sys.phone-number",
        "userDefined": false
      }
    ],
    "isTemplate": false,
    "count": 0,
    "updated": 1542717462
  },
  {
    "id": "e626dd5d-c105-469b-9087-00ec5eeaa405",
    "data": [
      {
        "text": "9860615568",
        "alias": "phone-number",
        "meta": "@sys.phone-number",
        "userDefined": false
      },
      {
        "text": " is my phone number",
        "userDefined": false
      }
    ],
    "isTemplate": false,
    "count": 0,
    "updated": 1542717462
  },
  {
    "id": "a462ff7a-76b5-40a3-a7ad-ccc268966f87",
    "data": [
      {
        "text": "My mobile number is ",
        "userDefined": false
      },
      {
        "text": "9860615568",
        "alias": "phone-number",
        "meta": "@sys.phone-number",
        "userDefined": true
      }
    ],
    "isTemplate": false,
    "count": 0,
    "updated": 1542717462
  },
  {
    "id": "e8b57152-0d2a-4af8-a175-3a44e66cb420",
    "data": [
      {
        "text": "My phone number is ",
        "userDefined": false
      },
      {
        "text": "9860615568",
        "alias": "phone-number",
        "meta": "@sys.phone-number",
        "userDefined": false
      }
    ],
    "isTemplate": false,
    "count": 0,
    "updated": 1542717462
  }
]