[
  {
    "id": "635fe31f-aaf0-4491-823c-54afcd0e8f5b",
    "data": [
      {
        "text": "ask me later",
        "userDefined": false
      }
    ],
    "isTemplate": false,
    "count": 1,
    "updated": 0
  },
  {
    "id": "a78a1ddd-050c-45bd-b074-ae9d72aa58cd",
    "data": [
      {
        "text": "not yet",
        "userDefined": false
      }
    ],
    "isTemplate": false,
    "count": 2,
    "updated": 0
  },
  {
    "id": "25123198-d113-4099-82b2-a424fb4a79f2",
    "data": [
      {
        "text": "do ",
        "userDefined": false
      },
      {
        "text": "it",
        "meta": "@sys.ignore",
        "userDefined": false
      },
      {
        "text": " later",
        "userDefined": false
      }
    ],
    "isTemplate": false,
    "count": 0,
    "updated": 0
  },
  {
    "id": "9481f573-a315-4545-9492-7f629e3789dc",
    "data": [
      {
        "text": "not ",
        "userDefined": false
      },
      {
        "text": "right now",
        "meta": "@sys.ignore",
        "userDefined": true
      }
    ],
    "isTemplate": false,
    "count": 2,
    "updated": 0
  },
  {
    "id": "e6fbc02e-3d99-4fff-ae51-c4a976e8f2f1",
    "data": [
      {
        "text": "I said later",
        "userDefined": false
      }
    ],
    "isTemplate": false,
    "count": 0,
    "updated": 0
  },
  {
    "id": "3bb9996a-2bbd-45cd-b06a-1651ec147864",
    "data": [
      {
        "text": "not at this time",
        "userDefined": false
      }
    ],
    "isTemplate": false,
    "count": 1,
    "updated": 1498819260
  },
  {
    "id": "81403236-ab33-43fe-a6a6-b8f9857345c7",
    "data": [
      {
        "text": "not at the moment",
        "userDefined": false
      }
    ],
    "isTemplate": false,
    "count": 0,
    "updated": 1498819260
  },
  {
    "id": "e4462002-9240-4bb8-b8de-0a01e6847cfd",
    "data": [
      {
        "text": "some other time",
        "userDefined": false
      }
    ],
    "isTemplate": false,
    "count": 0,
    "updated": 1498819260
  },
  {
    "id": "a55623a7-7abb-444e-83d1-7b492612b861",
    "data": [
      {
        "text": "later",
        "userDefined": false
      }
    ],
    "isTemplate": false,
    "count": 2,
    "updated": 0
  },
  {
    "id": "5f252c31-1bec-4f78-bb60-d36a861a31cf",
    "data": [
      {
        "text": "next time",
        "userDefined": false
      }
    ],
    "isTemplate": false,
    "count": 1,
    "updated": 0
  }
]