[
  {
    "id": "a9408ed5-940f-45db-b8cf-37e42a86a057",
    "data": [
      {
        "text": "how worth it has been so far?",
        "userDefined": false
      }
    ],
    "isTemplate": false,
    "count": 0,
    "updated": 1542663124
  },
  {
    "id": "0e0130e5-d668-4d8a-81c8-4f0c505adc0b",
    "data": [
      {
        "text": "how was my balance sheet impacted due to this?",
        "userDefined": false
      }
    ],
    "isTemplate": false,
    "count": 0,
    "updated": 1542663124
  },
  {
    "id": "7d98131f-4250-4131-a00f-6d375f4133fb",
    "data": [
      {
        "text": "how was my P\u0026L due to this?",
        "userDefined": false
      }
    ],
    "isTemplate": false,
    "count": 0,
    "updated": 1542663124
  },
  {
    "id": "ebd1fd0f-068e-4a3e-9bea-8585aa32c51b",
    "data": [
      {
        "text": "Does it create any loss to my portfolio?",
        "userDefined": false
      }
    ],
    "isTemplate": false,
    "count": 0,
    "updated": 1542663124
  },
  {
    "id": "b6ca79d8-0dd1-45e5-9eee-0db4a23c1645",
    "data": [
      {
        "text": "Am I benefited due to this movement?",
        "userDefined": false
      }
    ],
    "isTemplate": false,
    "count": 0,
    "updated": 1542663124
  },
  {
    "id": "f875178d-d167-4a70-b4f5-7ab3ae42ec0f",
    "data": [
      {
        "text": "What is impact of this on my portfolio?",
        "userDefined": false
      }
    ],
    "isTemplate": false,
    "count": 0,
    "updated": 1542663124
  }
]