[
  {
    "id": "a20aeeaa-dbe1-4e68-8263-087ecb4bf202",
    "data": [
      {
        "text": "What is your given name?",
        "userDefined": false
      }
    ],
    "isTemplate": false,
    "count": 0,
    "updated": 1542554479
  },
  {
    "id": "983722eb-831e-4d53-adf5-cff0d84c64d6",
    "data": [
      {
        "text": "What do people call you?",
        "userDefined": false
      }
    ],
    "isTemplate": false,
    "count": 0,
    "updated": 1542554479
  },
  {
    "id": "f1e49a46-aa12-4f94-af38-f8ce738f7ecb",
    "data": [
      {
        "text": "What shall I call you?",
        "userDefined": false
      }
    ],
    "isTemplate": false,
    "count": 0,
    "updated": 1542482731
  },
  {
    "id": "40e0a9e7-eb42-4e71-b0dc-693483f4eca7",
    "data": [
      {
        "text": "Do you have any name?",
        "userDefined": false
      }
    ],
    "isTemplate": false,
    "count": 0,
    "updated": 1542482731
  },
  {
    "id": "e997ad6d-55a9-4810-afba-3b67bf101579",
    "data": [
      {
        "text": "What is your name?",
        "userDefined": false
      }
    ],
    "isTemplate": false,
    "count": 0,
    "updated": 1542482731
  }
]