[
  {
    "id": "553ad980-8fac-44c7-b3d1-8cbb0302e61c",
    "data": [
      {
        "text": "ticker price for ",
        "userDefined": false
      },
      {
        "text": "GE",
        "alias": "tickerName",
        "meta": "@tickerName",
        "userDefined": false
      }
    ],
    "isTemplate": false,
    "count": 0,
    "updated": 1542654046
  },
  {
    "id": "69d81802-084c-4bcd-88ad-44b6aefc7d02",
    "data": [
      {
        "text": "Tell me equity price for ",
        "userDefined": false
      },
      {
        "text": "Amazon",
        "alias": "tickerName",
        "meta": "@tickerName",
        "userDefined": false
      }
    ],
    "isTemplate": false,
    "count": 0,
    "updated": 1542645652
  },
  {
    "id": "9d4aea18-3232-4ddb-afb9-0abbe7a25cba",
    "data": [
      {
        "text": "What is ticker value for ",
        "userDefined": false
      },
      {
        "text": "MSFT",
        "alias": "tickerName",
        "meta": "@tickerName",
        "userDefined": false
      }
    ],
    "isTemplate": false,
    "count": 0,
    "updated": 1542645652
  },
  {
    "id": "5c96b18b-ce7e-4f3c-909a-bb96c2b7f1d0",
    "data": [
      {
        "text": "What is share price of ",
        "userDefined": false
      },
      {
        "text": "Apple",
        "alias": "tickerName",
        "meta": "@tickerName",
        "userDefined": false
      }
    ],
    "isTemplate": false,
    "count": 0,
    "updated": 1542645652
  },
  {
    "id": "e5ca249c-a18d-4f93-8932-250139d7dfda",
    "data": [
      {
        "text": "What is market price for ",
        "userDefined": false
      },
      {
        "text": "Google",
        "alias": "tickerName",
        "meta": "@tickerName",
        "userDefined": false
      }
    ],
    "isTemplate": false,
    "count": 0,
    "updated": 1542645652
  }
]