[
  {
    "id": "dcd3e468-f858-4191-9d68-750322fe9cf3",
    "data": [
      {
        "text": "What is weather now?",
        "userDefined": false
      }
    ],
    "isTemplate": false,
    "count": 0,
    "updated": 1542551302
  },
  {
    "id": "d6fdc382-5e19-4d53-8445-68f206f18dfd",
    "data": [
      {
        "text": "Tell me weather report",
        "userDefined": false
      }
    ],
    "isTemplate": false,
    "count": 0,
    "updated": 1542551302
  },
  {
    "id": "f628c832-c194-46d5-af00-caac3aaf9f45",
    "data": [
      {
        "text": "Please tell me weather at ",
        "userDefined": false
      },
      {
        "text": "Kolkata",
        "alias": "geo-city",
        "meta": "@sys.geo-city",
        "userDefined": false
      }
    ],
    "isTemplate": false,
    "count": 0,
    "updated": 1542551042
  },
  {
    "id": "44f10e7b-03b8-496e-926e-b966ae573d15",
    "data": [
      {
        "text": "Can you tell me weather at ",
        "userDefined": false
      },
      {
        "text": "Nagpur",
        "alias": "geo-city",
        "meta": "@sys.geo-city",
        "userDefined": false
      },
      {
        "text": "?",
        "userDefined": false
      }
    ],
    "isTemplate": false,
    "count": 0,
    "updated": 1542551042
  },
  {
    "id": "803c79a6-f37f-445b-b6cf-f5f488701930",
    "data": [
      {
        "text": "Is it raining at ",
        "userDefined": false
      },
      {
        "text": "London",
        "alias": "geo-city",
        "meta": "@sys.geo-city",
        "userDefined": false
      },
      {
        "text": "?",
        "userDefined": false
      }
    ],
    "isTemplate": false,
    "count": 0,
    "updated": 1542551042
  },
  {
    "id": "66f7c06d-78e8-4332-90c0-5a00166595bd",
    "data": [
      {
        "text": "Is sky clear at ",
        "userDefined": false
      },
      {
        "text": "Mumbai",
        "alias": "geo-city",
        "meta": "@sys.geo-city",
        "userDefined": false
      },
      {
        "text": "?",
        "userDefined": false
      }
    ],
    "isTemplate": false,
    "count": 0,
    "updated": 1542551042
  },
  {
    "id": "46730bd5-c381-41a3-bee0-badef77f5b7e",
    "data": [
      {
        "text": "How does it feel at ",
        "userDefined": false
      },
      {
        "text": "Pune",
        "alias": "geo-city",
        "meta": "@sys.geo-city",
        "userDefined": false
      },
      {
        "text": " now?",
        "userDefined": false
      }
    ],
    "isTemplate": false,
    "count": 0,
    "updated": 1542551042
  },
  {
    "id": "12666c5e-bd64-4847-b1f8-7a2fb4baf99f",
    "data": [
      {
        "text": "What is climate at ",
        "userDefined": false
      },
      {
        "text": "Sydney",
        "alias": "geo-city",
        "meta": "@sys.geo-city",
        "userDefined": false
      },
      {
        "text": "?",
        "userDefined": false
      }
    ],
    "isTemplate": false,
    "count": 0,
    "updated": 1542551042
  },
  {
    "id": "5483c79b-f609-4dc4-bf7f-3885a769377f",
    "data": [
      {
        "text": "What is weather at ",
        "userDefined": false
      },
      {
        "text": "Delhi",
        "alias": "geo-city",
        "meta": "@sys.geo-city",
        "userDefined": false
      },
      {
        "text": "?",
        "userDefined": false
      }
    ],
    "isTemplate": false,
    "count": 0,
    "updated": 1542551042
  }
]