[
  {
    "id": "aa4f3289-d418-47f7-b792-5e2fd562f39f",
    "data": [
      {
        "text": "what was the last ticker we were talking about?",
        "userDefined": false
      }
    ],
    "isTemplate": false,
    "count": 0,
    "updated": 1542655128
  },
  {
    "id": "2bbc9920-4a07-433d-9e6b-ca16b247156e",
    "data": [
      {
        "text": "which ticker I am talking about?",
        "userDefined": false
      }
    ],
    "isTemplate": false,
    "count": 0,
    "updated": 1542655128
  }
]